fips_code,State_name,County.x,report_date,cases_per_100K_7_day_count_change,percent_uninsured_2019,poverty_rate_2019,percent_uninsured_2019_US_avg,poverty_rate_2019_US_avg,total_population_2019,Percentile_Covid,Date,StateName,StateAbbr,County.y,Series_Complete_12PlusPop_Pct,Administered_Dose1_Recip_12PlusPop_Pct,Percentile_Vax,US_Series_Complete_12PlusPop_Pct_Natl_Avg
01057,Alabama,Fayette County,2022-02-27,1423.14,8.8,20,9.2,10.5,16302,0.0018685767673621925,2022-02-26,Alabama,AL,Fayette County,39.8,46.5,0.057441253263707574,73.4
01075,Alabama,Lamar County,2022-02-27,412.89,9.4,21.2,9.2,10.5,13805,0.06726876362503893,2022-02-26,Alabama,AL,Lamar County,50,58.1,0.26573832317957646,73.4
02050,Alaska,Bethel CA,2022-02-27,407.92,20.7,27.8,9.2,10.5,18386,0.06882591093117409,2022-02-26,Alaska,AK,Bethel CA,80.2,85.3,0.8648099796924862,73.4
02070,Alaska,Dillingham CA,2022-02-27,569.57,22.4,17.2,9.2,10.5,4916,0.0339458112737465,2022-02-26,Alaska,AK,Dillingham CA,62.9,68.5,0.6161879895561357,73.4
02100,Alaska,Haines Borough,2022-02-27,1620.55,15.5,9,9.2,10.5,2530,6.228589224540642e-4,2022-02-26,Alaska,AK,Haines Borough,74,79.5,0.8053379750507688,73.4
02110,Alaska,Juneau Cty&Bor,2022-02-27,397.2,11.1,7.9,9.2,10.5,31974,0.07349735284957958,2022-02-26,Alaska,AK,Juneau Cty&Bor,84.2,91.1,0.8874383521903104,73.4
02122,Alaska,Kenai Peninsula Borough,2022-02-27,551.88,17.2,12,9.2,10.5,58708,0.03674867642478979,2022-02-26,Alaska,AK,Kenai Peninsula Borough,54.5,60.3,0.39019437191760953,73.4
02150,Alaska,Kodiak Island Borough,2022-02-27,523.16,20.3,9.3,9.2,10.5,12998,0.03986297103706011,2022-02-26,Alaska,AK,Kodiak Island Borough,74.9,82.5,0.8175224833188279,73.4
02158,Alaska,Kusilvak Census Area,2022-02-27,481.12,21.1,40.5,9.2,10.5,8314,0.049205854873871066,2022-02-26,Alaska,AK,Kusilvak Census Area,86,91.1,0.9004931824775166,73.4
02180,Alaska,Nome CA,2022-02-27,2299.08,22.5,23.1,9.2,10.5,10004,3.114294612270321e-4,2022-02-26,Alaska,AK,Nome CA,84.7,87.7,0.8923701769654773,73.4
02185,Alaska,North Slope Borough,2022-02-27,793.33,20.8,9.3,9.2,10.5,9832,0.015260043600124572,2022-02-26,Alaska,AK,North Slope Borough,44.9,48,0.13606034232666087,73.4
02188,Alaska,Northwest Arctic Borough,2022-02-27,1233.43,27.6,25.1,9.2,10.5,7621,0.004671441918405481,2022-02-26,Alaska,AK,Northwest Arctic Borough,74.5,78.8,0.8131708732230926,73.4
02198,Alaska,Prince of Wales-Hyder CA,2022-02-27,532,25.9,15.2,9.2,10.5,6203,0.03830582373092495,2022-02-26,Alaska,AK,Prince of Wales-Hyder CA,59.2,65,0.5172613867130839,73.4
02240,Alaska,Southeast Fairbanks CA,2022-02-27,377.19,15.6,10.8,9.2,10.5,6893,0.08190594830270943,2022-02-26,Alaska,AK,Southeast Fairbanks CA,47.8,53.5,0.2004641717435451,73.4
02261,Alaska,Valdez-Cordova Census Area,2022-02-27,880.24,0.157,850,0,0,9202,0.012768607910308314,2022-02-26,Alaska,AK,Valdez-Cordova Census Area,71.9,77.2,0.7853205686103858,73.4
02290,Alaska,Yukon-Koyukuk CA,2022-02-27,669.22,29.2,25.1,9.2,10.5,5230,0.023357209592027407,2022-02-26,Alaska,AK,Yukon-Koyukuk CA,89.2,94.9,0.9100667246881347,73.4
05013,Arkansas,Calhoun County,2022-02-27,693.78,8.2,15.6,9.2,10.5,5189,0.022111491747119277,2022-02-26,Arkansas,AR,Calhoun County,41.6,48.2,0.08093994778067885,73.4
05037,Arkansas,Cross County,2022-02-27,432.43,7.3,16.7,9.2,10.5,16419,0.06166303332295235,2022-02-26,Arkansas,AR,Cross County,59,68,0.5129097766173484,73.4
05075,Arkansas,Lawrence County,2022-02-27,347.43,7.8,17.7,9.2,10.5,16406,0.09280597944565556,2022-02-26,Arkansas,AR,Lawrence County,53.2,62.4,0.35509138381201044,73.4
05089,Arkansas,Marion County,2022-02-27,365.4,7,20.6,9.2,10.5,16694,0.08720024914356898,2022-02-26,Arkansas,AR,Marion County,40,47.1,0.06034232666086452,73.4
06015,California,Del Norte County,2022-02-27,506.98,6.3,22.5,9.2,10.5,27812,0.04328869511055746,2022-02-26,California,CA,Del Norte County,47.9,54.8,0.20249492312155498,73.4
06025,California,Imperial County,2022-02-27,349.31,9.3,24.2,9.2,10.5,181215,0.09187169106197446,2022-02-26,California,CA,Imperial County,95,95,0.9193501595590369,73.4
06029,California,Kern County,2022-02-27,426.79,9,22,9.2,10.5,900202,0.06290875116786047,2022-02-26,California,CA,Kern County,62.8,70.4,0.6127067014795474,73.4
06031,California,Kings County,2022-02-27,625.74,8.2,20.8,9.2,10.5,152940,0.027405792587978824,2022-02-26,California,CA,Kings County,58.7,67.1,0.5033362344067305,73.4
06035,California,Lassen County,2022-02-27,421.94,5.7,13.8,9.2,10.5,30573,0.06446589847399564,2022-02-26,California,CA,Lassen County,41.7,46.7,0.08268059181897303,73.4
06095,California,Solano County,2022-02-27,341.12,5.6,10.4,9.2,10.5,447643,0.09623170351915292,2022-02-26,California,CA,Solano County,75.4,86.8,0.8221642007542791,73.4
08051,Colorado,Gunnison County,2022-02-27,423.78,10.8,13.2,9.2,10.5,17462,0.06415446901276861,2022-02-26,Colorado,CO,Gunnison County,74.3,81.7,0.8099796924862199,73.4
13049,Georgia,Charlton County,2022-02-27,350.96,21.1,24.4,9.2,10.5,13392,0.09000311429461227,2022-02-26,Georgia,GA,Charlton County,28.3,32.9,0.006672468813460981,73.4
13065,Georgia,Clinch County,2022-02-27,347.54,21.2,39.2,9.2,10.5,6618,0.09249454998442852,2022-02-26,Georgia,GA,Clinch County,47,55.3,0.18044676530316217,73.4
13087,Georgia,Decatur County,2022-02-27,446.9,19.1,25.2,9.2,10.5,26404,0.05854873871068203,2022-02-26,Georgia,GA,Decatur County,56.9,66.1,0.45894981143022917,73.4
13129,Georgia,Gordon County,2022-02-27,403.71,16.2,20,9.2,10.5,57963,0.07069448769853628,2022-02-26,Georgia,GA,Gordon County,43.3,49.2,0.1061792863359443,73.4
13229,Georgia,Pierce County,2022-02-27,339.07,16.5,21.7,9.2,10.5,19465,0.09747742136406104,2022-02-26,Georgia,GA,Pierce County,39.2,45.6,0.05134899912967798,73.4
13259,Georgia,Stewart County,2022-02-27,1117.66,16.4,37,9.2,10.5,6621,0.005917159763313609,2022-02-26,Georgia,GA,Stewart County,34.5,39.3,0.018276762402088774,73.4
16001,Idaho,Ada County,2022-02-27,1138.32,8.3,11,9.2,10.5,481587,0.005605730302086578,2022-02-26,Idaho,ID,Ada County,71.4,79.5,0.7777777777777778,73.4
16013,Idaho,Blaine County,2022-02-27,742.8,14.1,14,9.2,10.5,23021,0.017128620367486764,2022-02-26,Idaho,ID,Blaine County,90.1,95,0.9123875834058601,73.4
16027,Idaho,Canyon County,2022-02-27,447.69,14.7,15.2,9.2,10.5,229849,0.058237309249455,2022-02-26,Idaho,ID,Canyon County,54.3,61.2,0.3846823324630113,73.4
16031,Idaho,Cassia County,2022-02-27,416.15,15.7,14.3,9.2,10.5,24030,0.0660230457801308,2022-02-26,Idaho,ID,Cassia County,48.7,57.6,0.22483318827966348,73.4
16039,Idaho,Elmore County,2022-02-27,1235.87,11.8,13.8,9.2,10.5,27511,0.004360012457178449,2022-02-26,Idaho,ID,Elmore County,63.5,77.4,0.6312735712213519,73.4
16047,Idaho,Gooding County,2022-02-27,942.09,16.6,15.9,9.2,10.5,15179,0.009654313298037995,2022-02-26,Idaho,ID,Gooding County,51.8,59.1,0.30983463881636203,73.4
16053,Idaho,Jerome County,2022-02-27,684.09,19.7,18,9.2,10.5,24412,0.02273435066957334,2022-02-26,Idaho,ID,Jerome County,55,61.9,0.40295909486510006,73.4
16063,Idaho,Lincoln County,2022-02-27,726.8,22.2,13.4,9.2,10.5,5366,0.018374338212394894,2022-02-26,Idaho,ID,Lincoln County,48.1,53.9,0.20887728459530025,73.4
16067,Idaho,Minidoka County,2022-02-27,475.31,19.6,19.3,9.2,10.5,21039,0.050451572718779196,2022-02-26,Idaho,ID,Minidoka County,49,56.5,0.23092544241369306,73.4
16083,Idaho,Twin Falls County,2022-02-27,697.53,11.7,14.8,9.2,10.5,86878,0.02148863282466521,2022-02-26,Idaho,ID,Twin Falls County,58.3,64.1,0.4923121554975341,73.4
17145,Illinois,Perry County,2022-02-27,358.58,3.8,16.3,9.2,10.5,20916,0.0884459669884771,2022-02-26,Illinois,IL,Perry County,56,62,0.43429068755439515,73.4
19147,Iowa,Palo Alto County,2022-02-27,528.92,5,6.6,9.2,10.5,8886,0.03892868265337901,2022-02-26,Iowa,IA,Palo Alto County,58.5,62.4,0.4972439802727009,73.4
20099,Kansas,Labette County,2022-02-27,412.89,10.2,17.9,9.2,10.5,19618,0.06726876362503893,2022-02-26,Kansas,KS,Labette County,56.7,63.3,0.45430809399477806,73.4
21001,Kentucky,Adair County,2022-02-27,718.68,6.9,21.6,9.2,10.5,19202,0.01962005605730302,2022-02-26,Kentucky,KY,Adair County,43.6,49.3,0.11024078909196403,73.4
21005,Kentucky,Anderson County,2022-02-27,553.92,4,13.9,9.2,10.5,22747,0.03612581750233572,2022-02-26,Kentucky,KY,Anderson County,63,72.7,0.618798955613577,73.4
21009,Kentucky,Barren County,2022-02-27,345.77,7.9,23.9,9.2,10.5,44249,0.09374026782933666,2022-02-26,Kentucky,KY,Barren County,52.4,58.9,0.33043225993617636,73.4
21011,Kentucky,Bath County,2022-02-27,760,7.5,21,9.2,10.5,12500,0.016194331983805668,2022-02-26,Kentucky,KY,Bath County,62.7,69.4,0.6092254134029591,73.4
21013,Kentucky,Bell County,2022-02-27,372.62,5.4,37.1,9.2,10.5,26032,0.08439738399252569,2022-02-26,Kentucky,KY,Bell County,52,59.7,0.31534667827096025,73.4
21017,Kentucky,Bourbon County,2022-02-27,379.02,7.8,17.7,9.2,10.5,19788,0.08097165991902834,2022-02-26,Kentucky,KY,Bourbon County,65.2,74.7,0.6724688134609805,73.4
21019,Kentucky,Boyd County,2022-02-27,507.3,6.2,19.1,9.2,10.5,46718,0.04297726564933042,2022-02-26,Kentucky,KY,Boyd County,55,63.2,0.40295909486510006,73.4
21025,Kentucky,Breathitt County,2022-02-27,847.19,4,35.5,9.2,10.5,12630,0.01339146683276238,2022-02-26,Kentucky,KY,Breathitt County,59,66.4,0.5129097766173484,73.4
21031,Kentucky,Butler County,2022-02-27,706.58,8.9,19.4,9.2,10.5,12879,0.02086577390221115,2022-02-26,Kentucky,KY,Butler County,52,57,0.31534667827096025,73.4
21033,Kentucky,Caldwell County,2022-02-27,455.01,5.8,15.9,9.2,10.5,12747,0.05636873248209281,2022-02-26,Kentucky,KY,Caldwell County,59.8,67.5,0.5343777197563099,73.4
21043,Kentucky,Carter County,2022-02-27,548.57,7.9,25.9,9.2,10.5,26797,0.03768296480847088,2022-02-26,Kentucky,KY,Carter County,55.8,63.3,0.42877864809979693,73.4
21045,Kentucky,Casey County,2022-02-27,470.33,9.8,26.6,9.2,10.5,16159,0.051385861102460295,2022-02-26,Kentucky,KY,Casey County,41.5,47,0.07977951842181608,73.4
21047,Kentucky,Christian County,2022-02-27,458.41,8.5,20.2,9.2,10.5,70461,0.054500155714730616,2022-02-26,Kentucky,KY,Christian County,43.3,50.3,0.1061792863359443,73.4
21049,Kentucky,Clark County,2022-02-27,526.71,5.7,15.6,9.2,10.5,36263,0.03924011211460604,2022-02-26,Kentucky,KY,Clark County,61.6,70.2,0.5802146794313896,73.4
21051,Kentucky,Clay County,2022-02-27,653.23,8.1,38.6,9.2,10.5,19901,0.025225786359389598,2022-02-26,Kentucky,KY,Clay County,50.3,56.8,0.2741514360313316,73.4
21053,Kentucky,Clinton County,2022-02-27,469.76,8.5,23,9.2,10.5,10218,0.051697290563687326,2022-02-26,Kentucky,KY,Clinton County,46.6,54,0.17116333043225992,73.4
21055,Kentucky,Crittenden County,2022-02-27,442.88,10.3,16.4,9.2,10.5,8806,0.05948302709436313,2022-02-26,Kentucky,KY,Crittenden County,46.5,51.8,0.1679721496953873,73.4
21057,Kentucky,Cumberland County,2022-02-27,377.99,10.6,21.5,9.2,10.5,6614,0.08128308938025537,2022-02-26,Kentucky,KY,Cumberland County,50.8,55.6,0.28691615897882217,73.4
21063,Kentucky,Elliott County,2022-02-27,811.49,5.2,30.3,9.2,10.5,7517,0.014637184677670508,2022-02-26,Kentucky,KY,Elliott County,39.1,43.2,0.04931824775166812,73.4
21065,Kentucky,Estill County,2022-02-27,347.37,5.6,32.7,9.2,10.5,14106,0.0931174089068826,2022-02-26,Kentucky,KY,Estill County,57.9,64.5,0.4830287206266319,73.4
21067,Kentucky,Fayette County,2022-02-27,347.82,7.3,17.8,9.2,10.5,323152,0.09218312052320149,2022-02-26,Kentucky,KY,Fayette County,73,85.7,0.7960545401798665,73.4
21069,Kentucky,Fleming County,2022-02-27,425.21,9.9,17.8,9.2,10.5,14581,0.0632201806290875,2022-02-26,Kentucky,KY,Fleming County,59.1,65,0.5155207426747896,73.4
21071,Kentucky,Floyd County,2022-02-27,769.9,6.6,31.7,9.2,10.5,35589,0.015882902522578637,2022-02-26,Kentucky,KY,Floyd County,65,72.1,0.666376559326951,73.4
21073,Kentucky,Franklin County,2022-02-27,386.34,8.1,12.3,9.2,10.5,50991,0.07785736530675802,2022-02-26,Kentucky,KY,Franklin County,67.8,76.1,0.7258485639686684,73.4
21079,Kentucky,Garrard County,2022-02-27,373.6,7.5,16.7,9.2,10.5,17666,0.08377452507007163,2022-02-26,Kentucky,KY,Garrard County,54.6,61.2,0.3913548012764723,73.4
21085,Kentucky,Grayson County,2022-02-27,586.52,5.4,25.3,9.2,10.5,26427,0.03270009342883837,2022-02-26,Kentucky,KY,Grayson County,58.3,64.9,0.4923121554975341,73.4
21087,Kentucky,Green County,2022-02-27,338.18,4.8,18.2,9.2,10.5,10941,0.09841170974774213,2022-02-26,Kentucky,KY,Green County,49,53.5,0.23092544241369306,73.4
21089,Kentucky,Greenup County,2022-02-27,441.62,5.7,15.9,9.2,10.5,35098,0.05979445655559016,2022-02-26,Kentucky,KY,Greenup County,58.6,68.7,0.5010153756890049,73.4
21095,Kentucky,Harlan County,2022-02-27,549.79,6.4,36.2,9.2,10.5,26010,0.03737153534724385,2022-02-26,Kentucky,KY,Harlan County,53.7,60.6,0.37017696547722656,73.4
21101,Kentucky,Henderson County,2022-02-27,389.29,4.9,18.6,9.2,10.5,45210,0.0766116474618499,2022-02-26,Kentucky,KY,Henderson County,58,66.9,0.4859297940237888,73.4
21107,Kentucky,Hopkins County,2022-02-27,382.67,7.8,17.9,9.2,10.5,44686,0.07879165369043911,2022-02-26,Kentucky,KY,Hopkins County,58.8,64.9,0.5071076298230345,73.4
21109,Kentucky,Jackson County,2022-02-27,555.18,4.1,30.4,9.2,10.5,13329,0.03581438804110869,2022-02-26,Kentucky,KY,Jackson County,42.1,46.7,0.08906295329271831,73.4
21115,Kentucky,Johnson County,2022-02-27,468.72,4.1,22.9,9.2,10.5,22188,0.05200872002491436,2022-02-26,Kentucky,KY,Johnson County,57.1,64.3,0.46620249492312155,73.4
21119,Kentucky,Knott County,2022-02-27,932.05,6.3,33.2,9.2,10.5,14806,0.01058860168171909,2022-02-26,Kentucky,KY,Knott County,53.6,59.3,0.36785610675950103,73.4
21121,Kentucky,Knox County,2022-02-27,555.47,6.6,33.3,9.2,10.5,31145,0.03550295857988166,2022-02-26,Kentucky,KY,Knox County,41.9,46.4,0.08587177255584566,73.4
21125,Kentucky,Laurel County,2022-02-27,595.27,6,23.7,9.2,10.5,60813,0.031142946122703206,2022-02-26,Kentucky,KY,Laurel County,46.4,52,0.16507107629823034,73.4
21127,Kentucky,Lawrence County,2022-02-27,665.93,9.1,26.7,9.2,10.5,15317,0.024291497975708502,2022-02-26,Kentucky,KY,Lawrence County,55.9,63.5,0.43196982883666957,73.4
21129,Kentucky,Lee County,2022-02-27,1094.15,3.1,33.5,9.2,10.5,7403,0.006851448146994706,2022-02-26,Kentucky,KY,Lee County,54.8,59.8,0.39715694807078616,73.4
21131,Kentucky,Leslie County,2022-02-27,1144.07,4.5,35.6,9.2,10.5,9877,0.005294300840859545,2022-02-26,Kentucky,KY,Leslie County,59.4,67.6,0.5245140702059762,73.4
21133,Kentucky,Letcher County,2022-02-27,784.11,5.4,32.4,9.2,10.5,21553,0.015571473061351603,2022-02-26,Kentucky,KY,Letcher County,60.3,65.6,0.5459820133449377,73.4
21135,Kentucky,Lewis County,2022-02-27,429.38,5.6,28.1,9.2,10.5,13275,0.06259732170663344,2022-02-26,Kentucky,KY,Lewis County,43.9,49.8,0.11633304322599362,73.4
21139,Kentucky,Livingston County,2022-02-27,522.08,3.8,13.6,9.2,10.5,9194,0.04017440049828714,2022-02-26,Kentucky,KY,Livingston County,55.7,62.8,0.42587757470264,73.4
21143,Kentucky,Lyon County,2022-02-27,560.29,6.6,15.4,9.2,10.5,8210,0.03488009965742759,2022-02-26,Kentucky,KY,Lyon County,62.9,70.5,0.6161879895561357,73.4
21153,Kentucky,Magoffin County,2022-02-27,649.62,5,27.6,9.2,10.5,12161,0.02553721582061663,2022-02-26,Kentucky,KY,Magoffin County,57.9,64.9,0.4830287206266319,73.4
21159,Kentucky,Martin County,2022-02-27,678.87,6.6,26.3,9.2,10.5,11195,0.023045780130800372,2022-02-26,Kentucky,KY,Martin County,60.7,68,0.5564258775747026,73.4
21147,Kentucky,McCreary County,2022-02-27,690.62,4.9,37.5,9.2,10.5,17231,0.02242292120834631,2022-02-26,Kentucky,KY,McCreary County,44.3,49.7,0.12358572671888599,73.4
21165,Kentucky,Menifee County,2022-02-27,1094.16,3.6,22.9,9.2,10.5,6489,0.006540018685767673,2022-02-26,Kentucky,KY,Menifee County,49.2,54.9,0.24223962866260518,73.4
21169,Kentucky,Metcalfe County,2022-02-27,377.32,5.7,23.7,9.2,10.5,10071,0.0815945188414824,2022-02-26,Kentucky,KY,Metcalfe County,46.6,51.3,0.17116333043225992,73.4
21173,Kentucky,Montgomery County,2022-02-27,614.41,7.3,20.7,9.2,10.5,28157,0.029585798816568046,2022-02-26,Kentucky,KY,Montgomery County,52.8,59.1,0.34232666086451985,73.4
21175,Kentucky,Morgan County,2022-02-27,1314.9,5.9,24.7,9.2,10.5,13309,0.002802865151043289,2022-02-26,Kentucky,KY,Morgan County,53,58.3,0.34928923701769654,73.4
21181,Kentucky,Nicholas County,2022-02-27,453.98,9.3,25.8,9.2,10.5,7269,0.0573030208657739,2022-02-26,Kentucky,KY,Nicholas County,61.5,66.6,0.577893820713664,73.4
21189,Kentucky,Owsley County,2022-02-27,951.3,2.2,34.7,9.2,10.5,4415,0.008720024914356897,2022-02-26,Kentucky,KY,Owsley County,54,59,0.3777197563098346,73.4
21193,Kentucky,Perry County,2022-02-27,1556.8,6,27.1,9.2,10.5,25758,0.0012457178449081284,2022-02-26,Kentucky,KY,Perry County,71.5,81.2,0.7795184218160719,73.4
21195,Kentucky,Pike County,2022-02-27,962.4,5.8,26.5,9.2,10.5,57876,0.008408595453129867,2022-02-26,Kentucky,KY,Pike County,59.3,66.3,0.5210327821293879,73.4
21197,Kentucky,Powell County,2022-02-27,590.66,5.7,21.9,9.2,10.5,12359,0.03145437558393024,2022-02-26,Kentucky,KY,Powell County,60.7,68.1,0.5564258775747026,73.4
21199,Kentucky,Pulaski County,2022-02-27,484.77,5.9,23.6,9.2,10.5,64979,0.048271566490189974,2022-02-26,Kentucky,KY,Pulaski County,52.5,59.5,0.33275311865390195,73.4
21201,Kentucky,Robertson County,2022-02-27,948.77,7.7,27.1,9.2,10.5,2108,0.00903145437558393,2022-02-26,Kentucky,KY,Robertson County,43.5,46.2,0.10937046707281695,73.4
21203,Kentucky,Rockcastle County,2022-02-27,413.3,4.6,21,9.2,10.5,16695,0.06664590470258487,2022-02-26,Kentucky,KY,Rockcastle County,45,50.5,0.13838120104438642,73.4
21205,Kentucky,Rowan County,2022-02-27,519.22,5.5,26,9.2,10.5,24460,0.0417315478044223,2022-02-26,Kentucky,KY,Rowan County,56.9,63.2,0.45894981143022917,73.4
21207,Kentucky,Russell County,2022-02-27,507.73,8.9,24.6,9.2,10.5,17923,0.04266583618810339,2022-02-26,Kentucky,KY,Russell County,52.7,58.6,0.3394255874673629,73.4
21209,Kentucky,Scott County,2022-02-27,398.22,6.2,12,9.2,10.5,57004,0.07318592338835254,2022-02-26,Kentucky,KY,Scott County,63.4,72.1,0.6298230345227734,73.4
21217,Kentucky,Taylor County,2022-02-27,667.47,5.5,24.3,9.2,10.5,25769,0.02398006851448147,2022-02-26,Kentucky,KY,Taylor County,55.1,62.5,0.4073107049608355,73.4
21221,Kentucky,Trigg County,2022-02-27,566.51,9.6,10.6,9.2,10.5,14651,0.03425724073497353,2022-02-26,Kentucky,KY,Trigg County,53.1,60,0.3513199883957064,73.4
21225,Kentucky,Union County,2022-02-27,368.54,6,22.2,9.2,10.5,14381,0.08564310183743382,2022-02-26,Kentucky,KY,Union County,46.2,52.5,0.1621700029010734,73.4
21231,Kentucky,Wayne County,2022-02-27,909.85,9.8,24.6,9.2,10.5,20333,0.011522890065400186,2022-02-26,Kentucky,KY,Wayne County,47,53.7,0.18044676530316217,73.4
21235,Kentucky,Whitley County,2022-02-27,587.36,5.7,26,9.2,10.5,36264,0.032388663967611336,2022-02-26,Kentucky,KY,Whitley County,51.9,58,0.312735712213519,73.4
21237,Kentucky,Wolfe County,2022-02-27,1299.43,4.7,32.3,9.2,10.5,7157,0.003114294612270321,2022-02-26,Kentucky,KY,Wolfe County,61.2,68,0.570351029881056,73.4
21239,Kentucky,Woodford County,2022-02-27,340.39,7,14.2,9.2,10.5,26734,0.09685456244160698,2022-02-26,Kentucky,KY,Woodford County,73.4,84.4,0.7992457209167392,73.4
22021,Louisiana,Caldwell Parish,2022-02-27,1109.09,15.9,27.1,9.2,10.5,9918,0.006228589224540642,2022-02-26,Louisiana,LA,Caldwell Parish,44.6,49.5,0.12996808819263128,73.4
22041,Louisiana,Franklin Parish,2022-02-27,399.7,13,28.3,9.2,10.5,20015,0.0728744939271255,2022-02-26,Louisiana,LA,Franklin Parish,43.3,49.2,0.1061792863359443,73.4
23001,Maine,Androscoggin County,2022-02-27,620.63,8.3,13.2,9.2,10.5,108277,0.02865151043288695,2022-02-26,Maine,ME,Androscoggin County,77.9,86.6,0.8462431099506817,73.4
23003,Maine,Aroostook County,2022-02-27,1479.38,9,17.2,9.2,10.5,67055,0.0015571473061351605,2022-02-26,Maine,ME,Aroostook County,75.1,81.3,0.8186829126776908,73.4
23005,Maine,Cumberland County,2022-02-27,353.56,6.3,9.7,9.2,10.5,295003,0.08938025537215821,2022-02-26,Maine,ME,Cumberland County,93.2,95,0.9158688714824486,73.4
23007,Maine,Franklin County,2022-02-27,430.48,9.1,12.2,9.2,10.5,30199,0.06197446278417938,2022-02-26,Maine,ME,Franklin County,69.4,77.8,0.749057151145924,73.4
23009,Maine,Hancock County,2022-02-27,749.27,11.5,11.2,9.2,10.5,54987,0.016817190906259733,2022-02-26,Maine,ME,Hancock County,82.3,92.6,0.8787351319988396,73.4
23011,Maine,Kennebec County,2022-02-27,695,6.5,13.3,9.2,10.5,122302,0.021800062285892246,2022-02-26,Maine,ME,Kennebec County,78.1,88.2,0.8474035393095445,73.4
23017,Maine,Oxford County,2022-02-27,424.32,10.1,15.9,9.2,10.5,57975,0.06353161009031455,2022-02-26,Maine,ME,Oxford County,73.8,85.2,0.8027270089933275,73.4
23019,Maine,Penobscot County,2022-02-27,1066.07,9.5,15.7,9.2,10.5,152148,0.00747430706944877,2022-02-26,Maine,ME,Penobscot County,76.8,85.6,0.8369596750797795,73.4
23021,Maine,Piscataquis County,2022-02-27,935.36,9.9,19.2,9.2,10.5,16785,0.010277172220492058,2022-02-26,Maine,ME,Piscataquis County,67.2,72.8,0.7171453437771975,73.4
23025,Maine,Somerset County,2022-02-27,625.94,10.4,19.3,9.2,10.5,50484,0.02709436312675179,2022-02-26,Maine,ME,Somerset County,67.5,74.3,0.7212068465332173,73.4
23029,Maine,Washington County,2022-02-27,914.62,12.3,18.5,9.2,10.5,31379,0.011211460604173155,2022-02-26,Maine,ME,Washington County,78.9,89,0.8546562228024369,73.4
23031,Maine,York County,2022-02-27,393.95,7.3,8.4,9.2,10.5,207641,0.07505450015571473,2022-02-26,Maine,ME,York County,85.3,95,0.8967217870612126,73.4
27055,Minnesota,Houston County,2022-02-27,725.81,4,7.6,9.2,10.5,18600,0.018685767673621925,2022-02-26,Minnesota,MN,Houston County,67,78.7,0.7130838410211778,73.4
27087,Minnesota,Mahnomen County,2022-02-27,759.91,14.9,20.9,9.2,10.5,5527,0.0165057614450327,2022-02-26,Minnesota,MN,Mahnomen County,73.5,83,0.8001160429358862,73.4
27119,Minnesota,Polk County,2022-02-27,337.97,4.5,12.6,9.2,10.5,31364,0.09872313920896916,2022-02-26,Minnesota,MN,Polk County,66.7,75.3,0.7078619089062953,73.4
28013,Mississippi,Calhoun County,2022-02-27,389.94,11.9,25.1,9.2,10.5,14361,0.07630021800062287,2022-02-26,Mississippi,MS,Calhoun County,50.4,58.3,0.27792283144763563,73.4
28017,Mississippi,Chickasaw County,2022-02-27,403.44,14,21.2,9.2,10.5,17103,0.07100591715976332,2022-02-26,Mississippi,MS,Chickasaw County,56.6,64.4,0.45198723527705253,73.4
28019,Mississippi,Choctaw County,2022-02-27,937.88,8.5,23.3,9.2,10.5,8210,0.009965742759265027,2022-02-26,Mississippi,MS,Choctaw County,41.1,47.7,0.07397737162750218,73.4
28155,Mississippi,Webster County,2022-02-27,1331.41,11.7,25.5,9.2,10.5,9689,0.002491435689816257,2022-02-26,Mississippi,MS,Webster County,55.4,61.8,0.419205105889179,73.4
29017,Missouri,Bollinger County,2022-02-27,346.16,10.8,17,9.2,10.5,12133,0.09342883836810963,2022-02-26,Missouri,MO,Bollinger County,37.6,42.4,0.033942558746736295,73.4
29041,Missouri,Chariton County,2022-02-27,336.66,7.3,11.9,9.2,10.5,7426,0.09934599813142324,2022-02-26,Missouri,MO,Chariton County,43.8,49.7,0.11488250652741515,73.4
29061,Missouri,Daviess County,2022-02-27,519.45,15.5,13,9.2,10.5,8278,0.04142011834319527,2022-02-26,Missouri,MO,Daviess County,38.4,43.7,0.040905134899912966,73.4
29115,Missouri,Linn County,2022-02-27,1359.06,11.5,15,9.2,10.5,11920,0.0021800062285892243,2022-02-26,Missouri,MO,Linn County,52.8,62,0.34232666086451985,73.4
29187,Missouri,St. Francois County,2022-02-27,551.96,10.6,16.3,9.2,10.5,67215,0.03643724696356275,2022-02-26,Missouri,MO,St. Francois County,49.1,55.9,0.23672758920800696,73.4
30003,Montana,Big Horn County,2022-02-27,503.04,37.9,26.2,9.2,10.5,13319,0.04422298349423855,2022-02-26,Montana,MT,Big Horn County,95,95,0.9193501595590369,73.4
30005,Montana,Blaine County,2022-02-27,478.97,17.9,29.6,9.2,10.5,6681,0.049828713796325134,2022-02-26,Montana,MT,Blaine County,95,95,0.9193501595590369,73.4
30013,Montana,Cascade County,2022-02-27,841.87,8.8,12.8,9.2,10.5,81366,0.013702896293989412,2022-02-26,Montana,MT,Cascade County,62.2,70.4,0.5938497243980273,73.4
30017,Montana,Custer County,2022-02-27,719.17,6.6,9.8,9.2,10.5,11402,0.01930862659607599,2022-02-26,Montana,MT,Custer County,49.5,55.2,0.2512329561937917,73.4
30023,Montana,Deer Lodge County,2022-02-27,1148.8,7.9,19.2,9.2,10.5,9140,0.004982871379632514,2022-02-26,Montana,MT,Deer Lodge County,61,66,0.5645488830867421,73.4
30029,Montana,Flathead County,2022-02-27,708.05,9.7,11.7,9.2,10.5,103806,0.020554344440984116,2022-02-26,Montana,MT,Flathead County,47.5,55.3,0.19408181026979981,73.4
30031,Montana,Gallatin County,2022-02-27,359.16,8.3,11.9,9.2,10.5,114434,0.08813453752725008,2022-02-26,Montana,MT,Gallatin County,65.1,76.9,0.6692776327241079,73.4
30035,Montana,Glacier County,2022-02-27,479.9,38.2,33.3,9.2,10.5,13753,0.049517284335098104,2022-02-26,Montana,MT,Glacier County,95,95,0.9193501595590369,73.4
30047,Montana,Lake County,2022-02-27,407.12,16.3,21.1,9.2,10.5,30458,0.06913734039240112,2022-02-26,Montana,MT,Lake County,64.4,72.5,0.6556425877574703,73.4
30053,Montana,Lincoln County,2022-02-27,350.35,12.3,18.5,9.2,10.5,19980,0.0903145437558393,2022-02-26,Montana,MT,Lincoln County,38.5,43.9,0.04235567159849144,73.4
30061,Montana,Mineral County,2022-02-27,454.86,9.3,17,9.2,10.5,4397,0.05668016194331984,2022-02-26,Montana,MT,Mineral County,59.5,68.4,0.5268349289237018,73.4
30087,Montana,Rosebud County,2022-02-27,906.34,19.7,18.7,9.2,10.5,8937,0.012145748987854251,2022-02-26,Montana,MT,Rosebud County,95,95,0.9193501595590369,73.4
30093,Montana,Silver Bow County,2022-02-27,484.03,7.9,19.1,9.2,10.5,34915,0.048894425412644035,2022-02-26,Montana,MT,Silver Bow County,68.4,74,0.7365825355381491,73.4
30111,Montana,Yellowstone County,2022-02-27,444.51,8.8,9.9,9.2,10.5,161300,0.05917159763313609,2022-02-26,Montana,MT,Yellowstone County,59,66,0.5129097766173484,73.4
32015,Nevada,Lander County,2022-02-27,560.38,7.6,14.9,9.2,10.5,5532,0.03456867019620056,2022-02-26,Nevada,NV,Lander County,47.7,53.1,0.19872352770525095,73.4
33007,New Hampshire,Coos County,2022-02-27,380.19,8.9,12.8,9.2,10.5,31563,0.07972594207412022,2022-02-26,New Hampshire,NH,Coos County,72.3,95,0.789962286045837,73.4
33017,New Hampshire,Strafford County,2022-02-27,489.92,7,10,9.2,10.5,130633,0.047337278106508875,2022-02-26,New Hampshire,NH,Strafford County,68.2,95,0.7325210327821294,73.4
33019,New Hampshire,Sullivan County,2022-02-27,338.39,7.2,10.8,9.2,10.5,43146,0.0981002802865151,2022-02-26,New Hampshire,NH,Sullivan County,68,93,0.728169422686394,73.4
34011,New Jersey,Cumberland County,2022-02-27,386.55,10.4,17.6,9.2,10.5,149527,0.07754593584553099,2022-02-26,New Jersey,NJ,Cumberland County,58.8,75.4,0.5071076298230345,73.4
35019,New Mexico,Guadalupe County,2022-02-27,395.35,2.3,14.5,9.2,10.5,4300,0.07412021177203364,2022-02-26,New Mexico,NM,Guadalupe County,76.4,84.4,0.832608064984044,73.4
37005,North Carolina,Alleghany County,2022-02-27,413.04,11.2,24.6,9.2,10.5,11137,0.0669573341638119,2022-02-26,North Carolina,NC,Alleghany County,64.6,88.7,0.6611546272120684,73.4
37009,North Carolina,Ashe County,2022-02-27,617.58,11.9,18,9.2,10.5,27203,0.028962939894113984,2022-02-26,North Carolina,NC,Ashe County,58,83,0.4859297940237888,73.4
37011,North Carolina,Avery County,2022-02-27,375.92,15,14.4,9.2,10.5,17557,0.0834630956088446,2022-02-26,North Carolina,NC,Avery County,58.1,76,0.487670438062083,73.4
37019,North Carolina,Brunswick County,2022-02-27,520.94,11,12.9,9.2,10.5,142820,0.0407972594207412,2022-02-26,North Carolina,NC,Brunswick County,66.4,95,0.7023498694516971,73.4
37029,North Carolina,Camden County,2022-02-27,349.68,8.1,11.2,9.2,10.5,10867,0.09093740267829337,2022-02-26,North Carolina,NC,Camden County,69.6,92.3,0.7531186539019438,73.4
37031,North Carolina,Carteret County,2022-02-27,735.54,11.4,11.6,9.2,10.5,69473,0.01806290875116786,2022-02-26,North Carolina,NC,Carteret County,69.5,95,0.7510879025239339,73.4
37061,North Carolina,Duplin County,2022-02-27,400.06,17.9,24.1,9.2,10.5,58741,0.07225163500467144,2022-02-26,North Carolina,NC,Duplin County,51.1,67.5,0.29300841311285175,73.4
37113,North Carolina,Macon County,2022-02-27,359.75,14.2,16.6,9.2,10.5,35858,0.08782310806602305,2022-02-26,North Carolina,NC,Macon County,64.6,80.6,0.6611546272120684,73.4
37115,North Carolina,Madison County,2022-02-27,367.73,10.2,17.6,9.2,10.5,21755,0.08595453129866085,2022-02-26,North Carolina,NC,Madison County,62.2,74.2,0.5938497243980273,73.4
37111,North Carolina,McDowell County,2022-02-27,421.8,11.4,17.1,9.2,10.5,45756,0.06477732793522267,2022-02-26,North Carolina,NC,McDowell County,58.5,73.4,0.4972439802727009,73.4
37129,North Carolina,New Hanover County,2022-02-27,462.31,10.2,17.3,9.2,10.5,234473,0.05418872625350358,2022-02-26,North Carolina,NC,New Hanover County,68.5,95,0.7383231795764433,73.4
37139,North Carolina,Pasquotank County,2022-02-27,379.17,13.3,16.1,9.2,10.5,39824,0.08066023045780131,2022-02-26,North Carolina,NC,Pasquotank County,61.1,83.6,0.5674499564838991,73.4
37141,North Carolina,Pender County,2022-02-27,643.83,11.3,15.1,9.2,10.5,63060,0.025848645281843663,2022-02-26,North Carolina,NC,Pender County,58.7,79.4,0.5033362344067305,73.4
37173,North Carolina,Swain County,2022-02-27,623.64,21.5,17.3,9.2,10.5,14271,0.02834008097165992,2022-02-26,North Carolina,NC,Swain County,63.2,82.9,0.625471424427038,73.4
38079,North Dakota,Rolette County,2022-02-27,500.85,25.1,29.3,9.2,10.5,14176,0.04546870133914668,2022-02-26,North Dakota,ND,Rolette County,80.4,95,0.8671308384102118,73.4
40001,Oklahoma,Adair County,2022-02-27,473.1,26.7,29.3,9.2,10.5,22194,0.05076300218000623,2022-02-26,Oklahoma,OK,Adair County,42.3,63.5,0.09254424136930664,73.4
40005,Oklahoma,Atoka County,2022-02-27,392.5,17.5,20.2,9.2,10.5,13758,0.07567735907816879,2022-02-26,Oklahoma,OK,Atoka County,41.2,47.1,0.07600812300551205,73.4
40069,Oklahoma,Johnston County,2022-02-27,342.81,18.2,20.1,9.2,10.5,11085,0.09498598567424478,2022-02-26,Oklahoma,OK,Johnston County,49,58.7,0.23092544241369306,73.4
40073,Oklahoma,Kingfisher County,2022-02-27,412.31,11.1,11.4,9.2,10.5,15765,0.067891622547493,2022-02-26,Oklahoma,OK,Kingfisher County,56.2,64.6,0.4424136930664346,73.4
40085,Oklahoma,Love County,2022-02-27,458.4,12.4,13.5,9.2,10.5,10253,0.05481158517595765,2022-02-26,Oklahoma,OK,Love County,49,59.9,0.23092544241369306,73.4
40137,Oklahoma,Stephens County,2022-02-27,472.85,13.7,14.7,9.2,10.5,43143,0.05107443164123326,2022-02-26,Oklahoma,OK,Stephens County,54.3,65.4,0.3846823324630113,73.4
41015,Oregon,Curry County,2022-02-27,344.6,6.6,14.5,9.2,10.5,22925,0.09436312675179072,2022-02-26,Oregon,OR,Curry County,60,69.9,0.5384392225123296,73.4
45037,South Carolina,Edgefield County,2022-02-27,344.83,9.1,15.5,9.2,10.5,27260,0.09405169729056369,2022-02-26,South Carolina,SC,Edgefield County,65.1,79.4,0.6692776327241079,73.4
45055,South Carolina,Kershaw County,2022-02-27,492.86,10.6,16.4,9.2,10.5,66551,0.04640298972282778,2022-02-26,South Carolina,SC,Kershaw County,66.3,77.6,0.6985784740353931,73.4
45079,South Carolina,Richland County,2022-02-27,476.24,9.2,16.3,9.2,10.5,415759,0.050140143257552165,2022-02-26,South Carolina,SC,Richland County,65.5,77.8,0.6803017116333043,73.4
46121,South Dakota,Todd County,2022-02-27,668.17,30.5,55.1,9.2,10.5,10177,0.023668639053254437,2022-02-26,South Dakota,SD,Todd County,81.1,95,0.8723527705250943,73.4
47001,Tennessee,Anderson County,2022-02-27,404.01,9.2,16.2,9.2,10.5,76978,0.07038305823730925,2022-02-26,Tennessee,TN,Anderson County,62.7,70.3,0.6092254134029591,73.4
47005,Tennessee,Benton County,2022-02-27,402.23,9.7,21.4,9.2,10.5,16160,0.07131734662099035,2022-02-26,Tennessee,TN,Benton County,50.2,55.6,0.27212068465332173,73.4
47013,Tennessee,Campbell County,2022-02-27,597.36,11.3,19.7,9.2,10.5,39842,0.030831516661476176,2022-02-26,Tennessee,TN,Campbell County,49,55.9,0.23092544241369306,73.4
47017,Tennessee,Carroll County,2022-02-27,342.13,8.1,19.8,9.2,10.5,27767,0.09592027405792589,2022-02-26,Tennessee,TN,Carroll County,55.5,63.8,0.42065564258775745,73.4
47019,Tennessee,Carter County,2022-02-27,640.17,11.9,23.5,9.2,10.5,56391,0.026160074743070694,2022-02-26,Tennessee,TN,Carter County,44.5,50.7,0.1282274441543371,73.4
47023,Tennessee,Chester County,2022-02-27,502.98,12,18.5,9.2,10.5,17297,0.044534412955465584,2022-02-26,Tennessee,TN,Chester County,40.5,45.1,0.06614447345517842,73.4
47025,Tennessee,Claiborne County,2022-02-27,600.77,7.8,23.6,9.2,10.5,31959,0.03020865773902211,2022-02-26,Tennessee,TN,Claiborne County,49.1,57.2,0.23672758920800696,73.4
47029,Tennessee,Cocke County,2022-02-27,588.82,11.2,24.9,9.2,10.5,36004,0.031765805045157275,2022-02-26,Tennessee,TN,Cocke County,56,62.6,0.43429068755439515,73.4
47033,Tennessee,Crockett County,2022-02-27,576.25,12.5,19.3,9.2,10.5,14230,0.033322952351292436,2022-02-26,Tennessee,TN,Crockett County,55.7,62.9,0.42587757470264,73.4
47043,Tennessee,Dickson County,2022-02-27,387.41,11.7,14.3,9.2,10.5,53948,0.07723450638430396,2022-02-26,Tennessee,TN,Dickson County,55.6,62.9,0.42239628662605166,73.4
47045,Tennessee,Dyer County,2022-02-27,384.83,9.2,18.5,9.2,10.5,37159,0.07816879476798505,2022-02-26,Tennessee,TN,Dyer County,46.2,52.8,0.1621700029010734,73.4
47049,Tennessee,Fentress County,2022-02-27,415.7,9.7,21.8,9.2,10.5,18523,0.06633447524135783,2022-02-26,Tennessee,TN,Fentress County,38.3,42.9,0.04003481288076589,73.4
47059,Tennessee,Greene County,2022-02-27,454.62,9.5,17,9.2,10.5,69069,0.05699159140454687,2022-02-26,Tennessee,TN,Greene County,51.5,57.2,0.3040324920220482,73.4
47065,Tennessee,Hamilton County,2022-02-27,350.19,9,13.7,9.2,10.5,367804,0.09062597321706634,2022-02-26,Tennessee,TN,Hamilton County,63,71.3,0.618798955613577,73.4
47067,Tennessee,Hancock County,2022-02-27,468.28,11.7,25.8,9.2,10.5,6620,0.05232014948614139,2022-02-26,Tennessee,TN,Hancock County,37,41.1,0.02901073397156948,73.4
47069,Tennessee,Hardeman County,2022-02-27,463.07,10.9,20.8,9.2,10.5,25050,0.05356586733104952,2022-02-26,Tennessee,TN,Hardeman County,51.4,58.4,0.3005512039454598,73.4
47071,Tennessee,Hardin County,2022-02-27,393.73,11.4,20.5,9.2,10.5,25652,0.07536592961694176,2022-02-26,Tennessee,TN,Hardin County,45.8,52.2,0.15433710472874965,73.4
47073,Tennessee,Hawkins County,2022-02-27,501.88,9.2,19,9.2,10.5,56786,0.04515727187791965,2022-02-26,Tennessee,TN,Hawkins County,49.5,55.6,0.2512329561937917,73.4
47077,Tennessee,Henderson County,2022-02-27,547.71,9.4,19.4,9.2,10.5,28117,0.03799439426969791,2022-02-26,Tennessee,TN,Henderson County,47.5,53.7,0.19408181026979981,73.4
47079,Tennessee,Henry County,2022-02-27,420.47,9.2,19.8,9.2,10.5,32345,0.06540018685767673,2022-02-26,Tennessee,TN,Henry County,52.6,59.4,0.3359442993907746,73.4
47083,Tennessee,Houston County,2022-02-27,365.81,9.7,15.9,9.2,10.5,8201,0.08688881968234195,2022-02-26,Tennessee,TN,Houston County,49.1,53.9,0.23672758920800696,73.4
47085,Tennessee,Humphreys County,2022-02-27,371.33,9.7,18,9.2,10.5,18582,0.08470881345375272,2022-02-26,Tennessee,TN,Humphreys County,47.2,53.4,0.185378590078329,73.4
47087,Tennessee,Jackson County,2022-02-27,373.32,10.3,19.7,9.2,10.5,11786,0.08408595453129866,2022-02-26,Tennessee,TN,Jackson County,38.5,43.1,0.04235567159849144,73.4
47091,Tennessee,Johnson County,2022-02-27,432.88,10.7,23.5,9.2,10.5,17788,0.06135160386172532,2022-02-26,Tennessee,TN,Johnson County,40.7,48.3,0.06817522483318827,73.4
47095,Tennessee,Lake County,2022-02-27,484.61,10.2,26.9,9.2,10.5,7016,0.048582995951417005,2022-02-26,Tennessee,TN,Lake County,38.1,43,0.038294168842471714,73.4
47111,Tennessee,Macon County,2022-02-27,337.37,11,17.9,9.2,10.5,24602,0.09903456867019621,2022-02-26,Tennessee,TN,Macon County,37.4,42,0.03220191470844212,73.4
47113,Tennessee,Madison County,2022-02-27,384.76,9.3,19.4,9.2,10.5,97984,0.07848022422921208,2022-02-26,Tennessee,TN,Madison County,62,68.6,0.5868871482448506,73.4
47109,Tennessee,McNairy County,2022-02-27,638.28,12.2,20.7,9.2,10.5,25694,0.026471504204297728,2022-02-26,Tennessee,TN,McNairy County,53.8,62.3,0.37249782419495214,73.4
47127,Tennessee,Moore County,2022-02-27,339.09,10.7,7.9,9.2,10.5,6488,0.09716599190283401,2022-02-26,Tennessee,TN,Moore County,24.3,27.7,0.003191180736872643,73.4
47129,Tennessee,Morgan County,2022-02-27,434.52,11,22,9.2,10.5,21403,0.06072874493927125,2022-02-26,Tennessee,TN,Morgan County,57.5,64.3,0.47432550043516103,73.4
47131,Tennessee,Obion County,2022-02-27,335.89,10.5,22.7,9.2,10.5,30069,0.0999688570538773,2022-02-26,Tennessee,TN,Obion County,46.8,53.6,0.17696547722657383,73.4
47137,Tennessee,Pickett County,2022-02-27,376.39,6.4,17.2,9.2,10.5,5048,0.08315166614761757,2022-02-26,Tennessee,TN,Pickett County,47.9,53.6,0.20249492312155498,73.4
47141,Tennessee,Putnam County,2022-02-27,368.87,8.9,19.5,9.2,10.5,80245,0.08533167237620679,2022-02-26,Tennessee,TN,Putnam County,57.6,63.5,0.47664635915288656,73.4
47151,Tennessee,Scott County,2022-02-27,924.42,11.9,22.3,9.2,10.5,22068,0.010900031142946123,2022-02-26,Tennessee,TN,Scott County,42.2,47.1,0.09080359733101248,73.4
47159,Tennessee,Smith County,2022-02-27,456.42,8.7,14.9,9.2,10.5,20157,0.05512301463718468,2022-02-26,Tennessee,TN,Smith County,37.9,43.1,0.03713373948360894,73.4
47163,Tennessee,Sullivan County,2022-02-27,625.21,8.8,16.6,9.2,10.5,158348,0.027717222049205854,2022-02-26,Tennessee,TN,Sullivan County,62.3,70.8,0.5967507977951843,73.4
47171,Tennessee,Unicoi County,2022-02-27,710.17,9.9,21.1,9.2,10.5,17883,0.020242914979757085,2022-02-26,Tennessee,TN,Unicoi County,59.9,67,0.536118363794604,73.4
47173,Tennessee,Union County,2022-02-27,390.55,11.9,21.6,9.2,10.5,19972,0.07598878853939582,2022-02-26,Tennessee,TN,Union County,39.8,44.7,0.057441253263707574,73.4
47179,Tennessee,Washington County,2022-02-27,1021.06,9.1,15.7,9.2,10.5,129375,0.008097165991902834,2022-02-26,Tennessee,TN,Washington County,65.6,73.7,0.6832027850304613,73.4
48049,Texas,Brown County,2022-02-27,419.92,13.7,14.5,9.2,10.5,37864,0.06571161631890376,2022-02-26,Texas,TX,Brown County,47.1,53.4,0.1842181607194662,73.4
48049,Texas,Brown County,2022-02-27,419.92,13.7,14.5,9.2,10.5,37864,0.06571161631890376,2022-02-27,Texas,TX,Brown County,291.88335809806836,327.0988112927192,0.9796924862199013,73.4
48063,Texas,Camp County,2022-02-27,336.03,16.6,19.9,9.2,10.5,13094,0.09965742759265027,2022-02-26,Texas,TX,Camp County,47.1,54.8,0.1842181607194662,73.4
48063,Texas,Camp County,2022-02-27,336.03,16.6,19.9,9.2,10.5,13094,0.09965742759265027,2022-02-27,Texas,TX,Camp County,274.7715736040609,319.79695431472084,0.9683782999709892,73.4
48075,Texas,Childress County,2022-02-27,1272.93,17.1,14.6,9.2,10.5,7306,0.003737153534724385,2022-02-26,Texas,TX,Childress County,52,56,0.31534667827096025,73.4
48075,Texas,Childress County,2022-02-27,1272.93,17.1,14.6,9.2,10.5,7306,0.003737153534724385,2022-02-27,Texas,TX,Childress County,254.8201438848921,276.76258992805754,0.9474905715114592,73.4
48079,Texas,Cochran County,2022-02-27,455.66,28,23.9,9.2,10.5,2853,0.05543444409841171,2022-02-26,Texas,TX,Cochran County,62.6,70.5,0.6063243400058022,73.4
48079,Texas,Cochran County,2022-02-27,455.66,28,23.9,9.2,10.5,2853,0.05543444409841171,2022-02-27,Texas,TX,Cochran County,345.3968253968254,395.23809523809524,0.9939077458659704,73.4
48087,Texas,Collingsworth County,2022-02-27,445.21,22.6,15.9,9.2,10.5,2920,0.05886016817190906,2022-02-26,Texas,TX,Collingsworth County,39.1,49.3,0.04931824775166812,73.4
48087,Texas,Collingsworth County,2022-02-27,445.21,22.6,15.9,9.2,10.5,2920,0.05886016817190906,2022-02-27,Texas,TX,Collingsworth County,211.4678899082569,252.0642201834862,0.9274731650710762,73.4
48095,Texas,Concho County,2022-02-27,1247.25,17.1,7.3,9.2,10.5,2726,0.004048582995951417,2022-02-26,Texas,TX,Concho County,55.2,69.7,0.41021177835799244,73.4
48095,Texas,Concho County,2022-02-27,1247.25,17.1,7.3,9.2,10.5,2726,0.004048582995951417,2022-02-27,Texas,TX,Concho County,236.59889094269872,286.3216266173752,0.9335654192051059,73.4
48115,Texas,Dawson County,2022-02-27,463.54,15.4,22.8,9.2,10.5,12728,0.05325443786982249,2022-02-26,Texas,TX,Dawson County,40.1,46.2,0.061212648680011604,73.4
48115,Texas,Dawson County,2022-02-27,463.54,15.4,22.8,9.2,10.5,12728,0.05325443786982249,2022-02-27,Texas,TX,Dawson County,359.81620718462824,416.79197994987464,0.9953582825645488,73.4
48117,Texas,Deaf Smith County,2022-02-27,366.66,20.4,17.4,9.2,10.5,18546,0.08657739022111492,2022-02-26,Texas,TX,Deaf Smith County,52.8,60.5,0.34232666086451985,73.4
48117,Texas,Deaf Smith County,2022-02-27,366.66,20.4,17.4,9.2,10.5,18546,0.08657739022111492,2022-02-27,Texas,TX,Deaf Smith County,304.74695959199687,350.6080816006277,0.9849144183347839,73.4
48119,Texas,Delta County,2022-02-27,506.47,15.2,23.7,9.2,10.5,5331,0.04360012457178449,2022-02-26,Texas,TX,Delta County,41.4,48.7,0.0777487670438062,73.4
48119,Texas,Delta County,2022-02-27,506.47,15.2,23.7,9.2,10.5,5331,0.04360012457178449,2022-02-27,Texas,TX,Delta County,287.8088962108731,327.67710049423397,0.9767914128227444,73.4
48127,Texas,Dimmit County,2022-02-27,572.9,22.2,29.8,9.2,10.5,10124,0.033634381812519466,2022-02-26,Texas,TX,Dimmit County,82.6,95,0.8807658833768495,73.4
48127,Texas,Dimmit County,2022-02-27,572.9,22.2,29.8,9.2,10.5,10124,0.033634381812519466,2022-02-27,Texas,TX,Dimmit County,298.3904250928601,474.6182418489476,0.9831737742964897,73.4
48129,Texas,Donley County,2022-02-27,1067.72,15.4,14.9,9.2,10.5,3278,0.0071628776082217375,2022-02-26,Texas,TX,Donley County,38.6,44.8,0.04409631563678561,73.4
48129,Texas,Donley County,2022-02-27,1067.72,15.4,14.9,9.2,10.5,3278,0.0071628776082217375,2022-02-27,Texas,TX,Donley County,261.72566371681415,301.9911504424779,0.955323469683783,73.4
48131,Texas,Duval County,2022-02-27,358.52,24.5,25.6,9.2,10.5,11157,0.08875739644970414,2022-02-26,Texas,TX,Duval County,72.3,85,0.789962286045837,73.4
48131,Texas,Duval County,2022-02-27,358.52,24.5,25.6,9.2,10.5,11157,0.08875739644970414,2022-02-27,Texas,TX,Duval County,253.84615384615384,300.5751258087707,0.9463301421525965,73.4
48163,Texas,Frio County,2022-02-27,369.35,22,20.2,9.2,10.5,20306,0.08502024291497975,2022-02-26,Texas,TX,Frio County,72.2,80.8,0.7888018566869742,73.4
48163,Texas,Frio County,2022-02-27,369.35,22,20.2,9.2,10.5,20306,0.08502024291497975,2022-02-27,Texas,TX,Frio County,419.8233562315996,476.4147857376513,0.9985494633014216,73.4
48191,Texas,Hall County,2022-02-27,1282.05,25.6,23.2,9.2,10.5,2964,0.003425724073497353,2022-02-26,Texas,TX,Hall County,49.1,55.2,0.23672758920800696,73.4
48191,Texas,Hall County,2022-02-27,1282.05,25.6,23.2,9.2,10.5,2964,0.003425724073497353,2022-02-27,Texas,TX,Hall County,238.26923076923077,269.8076923076923,0.9350159559036844,73.4
48211,Texas,Hemphill County,2022-02-27,890.29,26.9,14,9.2,10.5,3819,0.012457178449081284,2022-02-26,Texas,TX,Hemphill County,50.7,57.5,0.2845953002610966,73.4
48211,Texas,Hemphill County,2022-02-27,890.29,26.9,14,9.2,10.5,3819,0.012457178449081284,2022-02-27,Texas,TX,Hemphill County,255.37720706260032,289.08507223113963,0.9492312155497534,73.4
48215,Texas,Hidalgo County,2022-02-27,339.01,30.5,31.2,9.2,10.5,868707,0.09778885082528807,2022-02-26,Texas,TX,Hidalgo County,84.7,95,0.8923701769654773,73.4
48215,Texas,Hidalgo County,2022-02-27,339.01,30.5,31.2,9.2,10.5,868707,0.09778885082528807,2022-02-27,Texas,TX,Hidalgo County,318.4195700518903,420.09636767976275,0.9898462431099507,73.4
48247,Texas,Jim Hogg County,2022-02-27,1576.92,18.8,27.4,9.2,10.5,5200,9.342883836810962e-4,2022-02-26,Texas,TX,Jim Hogg County,66,83.7,0.6936466492602262,73.4
48247,Texas,Jim Hogg County,2022-02-27,1576.92,18.8,27.4,9.2,10.5,5200,9.342883836810962e-4,2022-02-27,Texas,TX,Jim Hogg County,314.6868250539957,401.6198704103671,0.9881055990716565,73.4
48273,Texas,Kleberg County,2022-02-27,433.51,17.3,26.1,9.2,10.5,30680,0.06104017440049829,2022-02-26,Texas,TX,Kleberg County,69.5,81,0.7510879025239339,73.4
48273,Texas,Kleberg County,2022-02-27,433.51,17.3,26.1,9.2,10.5,30680,0.06104017440049829,2022-02-27,Texas,TX,Kleberg County,247.9862215156333,291.2029676735559,0.9405279953582826,73.4
48283,Texas,La Salle County,2022-02-27,1037.23,25.1,12.1,9.2,10.5,7520,0.007785736530675802,2022-02-26,Texas,TX,La Salle County,71.6,82.8,0.7821293878735132,73.4
48283,Texas,La Salle County,2022-02-27,1037.23,25.1,12.1,9.2,10.5,7520,0.007785736530675802,2022-02-27,Texas,TX,La Salle County,269.93127147766324,310.0229095074456,0.9625761531766753,73.4
48295,Texas,Lipscomb County,2022-02-27,494.9,19,11.4,9.2,10.5,3233,0.046091560261600745,2022-02-26,Texas,TX,Lipscomb County,40.4,47,0.06382361473745286,73.4
48295,Texas,Lipscomb County,2022-02-27,494.9,19,11.4,9.2,10.5,3233,0.046091560261600745,2022-02-27,Texas,TX,Lipscomb County,305.5194805194805,339.2857142857143,0.9852045256744996,73.4
48341,Texas,Moore County,2022-02-27,367.72,16.6,15.4,9.2,10.5,20940,0.08626596075988789,2022-02-26,Texas,TX,Moore County,56.3,72.9,0.4456048738033072,73.4
48341,Texas,Moore County,2022-02-27,367.72,16.6,15.4,9.2,10.5,20940,0.08626596075988789,2022-02-27,Texas,TX,Moore County,384.4238075137189,497.3406500633178,0.9965187119234117,73.4
48357,Texas,Ochiltree County,2022-02-27,945.51,20.9,12.2,9.2,10.5,9836,0.009342883836810962,2022-02-26,Texas,TX,Ochiltree County,47.5,54,0.19408181026979981,73.4
48357,Texas,Ochiltree County,2022-02-27,945.51,20.9,12.2,9.2,10.5,9836,0.009342883836810962,2022-02-27,Texas,TX,Ochiltree County,476.0925449871466,540.3598971722365,0.9988395706411373,73.4
48359,Texas,Oldham County,2022-02-27,615.53,10.8,12,9.2,10.5,2112,0.029274369355341015,2022-02-26,Texas,TX,Oldham County,38.2,44.5,0.0388743835219031,73.4
48359,Texas,Oldham County,2022-02-27,615.53,10.8,12,9.2,10.5,2112,0.029274369355341015,2022-02-27,Texas,TX,Oldham County,316.38655462184875,364.2857142857143,0.9889759210908036,73.4
48427,Texas,Starr County,2022-02-27,906.66,33.4,35.3,9.2,10.5,64633,0.011834319526627219,2022-02-26,Texas,TX,Starr County,95,95,0.9193501595590369,73.4
48427,Texas,Starr County,2022-02-27,906.66,33.4,35.3,9.2,10.5,64633,0.011834319526627219,2022-02-27,Texas,TX,Starr County,314.98538011695905,422.27965747702586,0.9883957064113722,73.4
48449,Texas,Titus County,2022-02-27,406.11,18.2,19.1,9.2,10.5,32750,0.06976019931485518,2022-02-26,Texas,TX,Titus County,46.6,55.5,0.17116333043225992,73.4
48449,Texas,Titus County,2022-02-27,406.11,18.2,19.1,9.2,10.5,32750,0.06976019931485518,2022-02-27,Texas,TX,Titus County,315.25183258453535,374.7694490423268,0.9886858137510879,73.4
48489,Texas,Willacy County,2022-02-27,505.67,28.1,33,9.2,10.5,21358,0.04391155403301152,2022-02-26,Texas,TX,Willacy County,73.7,86,0.8015665796344648,73.4
48489,Texas,Willacy County,2022-02-27,505.67,28.1,33,9.2,10.5,21358,0.04391155403301152,2022-02-27,Texas,TX,Willacy County,296.4338158170757,352.54877281309,0.9820133449376269,73.4
48505,Texas,Zapata County,2022-02-27,811.06,29.3,39.5,9.2,10.5,14179,0.01494861413889754,2022-02-26,Texas,TX,Zapata County,74.2,85.6,0.8082390484479257,73.4
48505,Texas,Zapata County,2022-02-27,811.06,29.3,39.5,9.2,10.5,14179,0.01494861413889754,2022-02-27,Texas,TX,Zapata County,329.3076317859953,382.80881195908734,0.9912967798085291,73.4
51009,Virginia,Amherst County,2022-02-27,423.98,10.3,13.9,9.2,10.5,31605,0.06384303955154158,2022-02-26,Virginia,VA,Amherst County,52.3,58.7,0.32695097185958805,73.4
51019,Virginia,Bedford County,2022-02-27,379.76,8.1,9.1,9.2,10.5,78997,0.08003737153534725,2022-02-26,Virginia,VA,Bedford County,50,57.6,0.26573832317957646,73.4
51023,Virginia,Botetourt County,2022-02-27,718.15,4.9,8,9.2,10.5,33419,0.019931485518530054,2022-02-26,Virginia,VA,Botetourt County,54.6,63,0.3913548012764723,73.4
51520,Virginia,Bristol City,2022-02-27,405.68,11.5,22.7,9.2,10.5,16762,0.07007162877608222,2022-02-26,Virginia,VA,Bristol City,76.3,89.3,0.8314476356251813,73.4
51027,Virginia,Buchanan County,2022-02-27,623.69,13.6,27.7,9.2,10.5,21004,0.02802865151043289,2022-02-26,Virginia,VA,Buchanan County,52.6,59,0.3359442993907746,73.4
51031,Virginia,Campbell County,2022-02-27,455.5,9.8,11.8,9.2,10.5,54885,0.05574587355963874,2022-02-26,Virginia,VA,Campbell County,45.2,50.7,0.14157238178125905,73.4
51047,Virginia,Culpeper County,2022-02-27,363.08,9.4,8.2,9.2,10.5,52605,0.08751167860479601,2022-02-26,Virginia,VA,Culpeper County,56.1,66.2,0.43893240498984626,73.4
51051,Virginia,Dickenson County,2022-02-27,551.75,9.6,24.3,9.2,10.5,14318,0.03706010588601682,2022-02-26,Virginia,VA,Dickenson County,52.1,60.9,0.3191180736872643,73.4
51063,Virginia,Floyd County,2022-02-27,400.03,6.8,11.4,9.2,10.5,15749,0.07256306446589847,2022-02-26,Virginia,VA,Floyd County,42.8,48.4,0.09805628082390484,73.4
51071,Virginia,Giles County,2022-02-27,376.79,8.9,11.3,9.2,10.5,16720,0.08221737776393646,2022-02-26,Virginia,VA,Giles County,51.1,57.6,0.29300841311285175,73.4
51077,Virginia,Grayson County,2022-02-27,610.93,11.4,20.6,9.2,10.5,15550,0.02989722827779508,2022-02-26,Virginia,VA,Grayson County,45,52.1,0.13838120104438642,73.4
51105,Virginia,Lee County,2022-02-27,490.97,13.2,24,9.2,10.5,23423,0.047025848645281844,2022-02-26,Virginia,VA,Lee County,55.8,64.5,0.42877864809979693,73.4
51678,Virginia,Lexington City,2022-02-27,429.76,5.6,21.6,9.2,10.5,7446,0.06228589224540641,2022-02-26,Virginia,VA,Lexington City,43.2,47.9,0.10443864229765012,73.4
51680,Virginia,Lynchburg City,2022-02-27,462.47,9.4,21.8,9.2,10.5,82168,0.05387729679227655,2022-02-26,Virginia,VA,Lynchburg City,35.2,40.9,0.02117783579924572,73.4
51683,Virginia,Manassas City,2022-02-27,511.14,15.6,8.6,9.2,10.5,41085,0.04235440672687636,2022-02-26,Virginia,VA,Manassas City,58.7,70.9,0.5033362344067305,73.4
51685,Virginia,Manassas Park City,2022-02-27,3444.33,18.7,9.7,9.2,10.5,17478,0,2022-02-26,Virginia,VA,Manassas Park City,51,60.5,0.2912677690745576,73.4
51141,Virginia,Patrick County,2022-02-27,380.51,11.8,18.7,9.2,10.5,17608,0.07941451261289317,2022-02-26,Virginia,VA,Patrick County,43.9,50.3,0.11633304322599362,73.4
51143,Virginia,Pittsylvania County,2022-02-27,349.6,9.7,15.6,9.2,10.5,60354,0.0912488321395204,2022-02-26,Virginia,VA,Pittsylvania County,46.3,52.7,0.16362053959965187,73.4
51750,Virginia,Radford City,2022-02-27,394.54,7.7,35.9,9.2,10.5,18249,0.07443164123326067,2022-02-26,Virginia,VA,Radford City,37.8,43.3,0.03655352480417755,73.4
51167,Virginia,Russell County,2022-02-27,485.22,10.1,19.5,9.2,10.5,26586,0.04796013702896294,2022-02-26,Virginia,VA,Russell County,52.2,59.5,0.3237597911227154,73.4
51169,Virginia,Scott County,2022-02-27,394.14,10.9,18.6,9.2,10.5,21566,0.0747430706944877,2022-02-26,Virginia,VA,Scott County,62.1,73.5,0.5897882216420075,73.4
51173,Virginia,Smyth County,2022-02-27,661.04,10.8,19.2,9.2,10.5,30104,0.024914356898162567,2022-02-26,Virginia,VA,Smyth County,53.3,61.8,0.3582825645488831,73.4
51185,Virginia,Tazewell County,2022-02-27,396.6,10.6,16.1,9.2,10.5,40595,0.0738087823108066,2022-02-26,Virginia,VA,Tazewell County,48.4,57,0.21554975340876123,73.4
51191,Virginia,Washington County,2022-02-27,342.39,9.1,15,9.2,10.5,53740,0.09560884459669884,2022-02-26,Virginia,VA,Washington County,63,73.3,0.618798955613577,73.4
51195,Virginia,Wise County,2022-02-27,521.63,11.1,22,9.2,10.5,37383,0.04048582995951417,2022-02-26,Virginia,VA,Wise County,52.6,65.8,0.3359442993907746,73.4
51197,Virginia,Wythe County,2022-02-27,376.52,9.3,15.6,9.2,10.5,28684,0.08284023668639054,2022-02-26,Virginia,VA,Wythe County,43.6,52,0.11024078909196403,73.4
53027,Washington,Grays Harbor County,2022-02-27,379.69,8.4,15.9,9.2,10.5,75061,0.08034880099657428,2022-02-26,Washington,WA,Grays Harbor County,68.4,74.5,0.7365825355381491,73.4
53045,Washington,Mason County,2022-02-27,455.31,8.1,15,9.2,10.5,66768,0.05605730302086578,2022-02-26,Washington,WA,Mason County,67.6,75.2,0.7229474905715114,73.4
53049,Washington,Pacific County,2022-02-27,342.66,7.4,17.4,9.2,10.5,22471,0.09529741513547181,2022-02-26,Washington,WA,Pacific County,63.2,71.5,0.625471424427038,73.4
54001,West Virginia,Barbour County,2022-02-27,632.56,5.4,23,9.2,10.5,16441,0.02678293366552476,2022-02-26,West Virginia,WV,Barbour County,55.2,60.5,0.41021177835799244,73.4
54005,West Virginia,Boone County,2022-02-27,349.54,5.4,24.3,9.2,10.5,21457,0.09156026160074743,2022-02-26,West Virginia,WV,Boone County,53.6,59.7,0.36785610675950103,73.4
54007,West Virginia,Braxton County,2022-02-27,487.21,4.9,21.8,9.2,10.5,13957,0.047648707567735905,2022-02-26,West Virginia,WV,Braxton County,50.2,55.1,0.27212068465332173,73.4
54011,West Virginia,Cabell County,2022-02-27,356.74,7.2,22.5,9.2,10.5,91945,0.08906882591093117,2022-02-26,West Virginia,WV,Cabell County,66.8,76.4,0.7101827676240209,73.4
54013,West Virginia,Calhoun County,2022-02-27,520.47,6.5,18.9,9.2,10.5,7109,0.04110868888196823,2022-02-26,West Virginia,WV,Calhoun County,37.7,43.8,0.034522773426167684,73.4
54015,West Virginia,Clay County,2022-02-27,340.86,4.5,27.1,9.2,10.5,8508,0.09654313298037995,2022-02-26,West Virginia,WV,Clay County,63.3,69.7,0.6280823904844792,73.4
54017,West Virginia,Doddridge County,2022-02-27,497.16,6.7,15,9.2,10.5,8448,0.045780130800373714,2022-02-26,West Virginia,WV,Doddridge County,64.1,70.8,0.646359152886568,73.4
54019,West Virginia,Fayette County,2022-02-27,511.72,7.1,20,9.2,10.5,42406,0.04204297726564933,2022-02-26,West Virginia,WV,Fayette County,62.6,70.4,0.6063243400058022,73.4
54023,West Virginia,Grant County,2022-02-27,389,7.7,12.4,9.2,10.5,11568,0.07692307692307693,2022-02-26,West Virginia,WV,Grant County,50.3,54.9,0.2741514360313316,73.4
54025,West Virginia,Greenbrier County,2022-02-27,421.21,6.5,17.9,9.2,10.5,34662,0.0650887573964497,2022-02-26,West Virginia,WV,Greenbrier County,61.3,68.8,0.5735422106179286,73.4
54033,West Virginia,Harrison County,2022-02-27,599.2,6.7,15.4,9.2,10.5,67256,0.030520087200249145,2022-02-26,West Virginia,WV,Harrison County,58.7,64.4,0.5033362344067305,73.4
54041,West Virginia,Lewis County,2022-02-27,741.81,7.5,20.9,9.2,10.5,15907,0.017440049828713795,2022-02-26,West Virginia,WV,Lewis County,65,71.3,0.666376559326951,73.4
54043,West Virginia,Lincoln County,2022-02-27,558.58,7.6,25.1,9.2,10.5,20409,0.03519152911865463,2022-02-26,West Virginia,WV,Lincoln County,57.7,63.9,0.47896721787061214,73.4
54045,West Virginia,Logan County,2022-02-27,381.02,7.2,23.3,9.2,10.5,32019,0.07910308315166614,2022-02-26,West Virginia,WV,Logan County,63.7,71.8,0.6353350739773717,73.4
54049,West Virginia,Marion County,2022-02-27,410.19,5.6,17,9.2,10.5,56072,0.06851448146994706,2022-02-26,West Virginia,WV,Marion County,63.3,69.9,0.6280823904844792,73.4
54051,West Virginia,Marshall County,2022-02-27,376.67,8.1,15.1,9.2,10.5,30531,0.0825288072251635,2022-02-26,West Virginia,WV,Marshall County,50.2,54.5,0.27212068465332173,73.4
54053,West Virginia,Mason County,2022-02-27,448.79,5.7,17.5,9.2,10.5,26516,0.05761445032700093,2022-02-26,West Virginia,WV,Mason County,55.8,64.8,0.42877864809979693,73.4
54047,West Virginia,McDowell County,2022-02-27,834.09,9.1,33.3,9.2,10.5,17624,0.014014325755216444,2022-02-26,West Virginia,WV,McDowell County,58.3,67.4,0.4923121554975341,73.4
54055,West Virginia,Mercer County,2022-02-27,502.06,6.6,19.8,9.2,10.5,58758,0.04484584241669262,2022-02-26,West Virginia,WV,Mercer County,60.4,71.8,0.5474325500435161,73.4
54059,West Virginia,Mingo County,2022-02-27,584.87,4.5,28.7,9.2,10.5,23424,0.0330115228900654,2022-02-26,West Virginia,WV,Mingo County,46.5,56.4,0.1679721496953873,73.4
54063,West Virginia,Monroe County,2022-02-27,587.57,9.3,16.4,9.2,10.5,13275,0.032077234506384306,2022-02-26,West Virginia,WV,Monroe County,54.2,61,0.38207136640557005,73.4
54067,West Virginia,Nicholas County,2022-02-27,436.81,6,18.3,9.2,10.5,24496,0.06010588601681719,2022-02-26,West Virginia,WV,Nicholas County,59.2,65.7,0.5172613867130839,73.4
54077,West Virginia,Preston County,2022-02-27,448.67,6.9,15.7,9.2,10.5,33432,0.05792587978822797,2022-02-26,West Virginia,WV,Preston County,62.2,69.3,0.5938497243980273,73.4
54079,West Virginia,Putnam County,2022-02-27,352.52,5.3,9.2,9.2,10.5,56450,0.08969168483338524,2022-02-26,West Virginia,WV,Putnam County,65.1,72.5,0.6692776327241079,73.4
54081,West Virginia,Raleigh County,2022-02-27,402.12,7.8,17.6,9.2,10.5,73361,0.07162877608221738,2022-02-26,West Virginia,WV,Raleigh County,61.1,68.3,0.5674499564838991,73.4
54083,West Virginia,Randolph County,2022-02-27,466.98,7.9,19.3,9.2,10.5,28695,0.052943008408595456,2022-02-26,West Virginia,WV,Randolph County,60.6,67,0.55323469683783,73.4
54085,West Virginia,Ritchie County,2022-02-27,523.34,9.8,17,9.2,10.5,9554,0.03955154157583307,2022-02-26,West Virginia,WV,Ritchie County,55.1,61.4,0.4073107049608355,73.4
54087,West Virginia,Roane County,2022-02-27,343.37,5.4,20.9,9.2,10.5,13688,0.09467455621301775,2022-02-26,West Virginia,WV,Roane County,53.7,60.3,0.37017696547722656,73.4
54091,West Virginia,Taylor County,2022-02-27,832.58,5.2,17.1,9.2,10.5,16695,0.014325755216443475,2022-02-26,West Virginia,WV,Taylor County,53,57,0.34928923701769654,73.4
54097,West Virginia,Upshur County,2022-02-27,492.22,7.6,20.8,9.2,10.5,24176,0.04671441918405481,2022-02-26,West Virginia,WV,Upshur County,56.4,61.9,0.44676530316217,73.4
54101,West Virginia,Webster County,2022-02-27,739.46,5.7,28,9.2,10.5,8114,0.01775147928994083,2022-02-26,West Virginia,WV,Webster County,53.4,58.4,0.36118363794604,73.4
54103,West Virginia,Wetzel County,2022-02-27,411.55,6.3,23.1,9.2,10.5,15065,0.06820305200872002,2022-02-26,West Virginia,WV,Wetzel County,64.3,69.8,0.6533217290397447,73.4
54109,West Virginia,Wyoming County,2022-02-27,529.57,7.3,21.7,9.2,10.5,20394,0.03861725319215198,2022-02-26,West Virginia,WV,Wyoming County,59.1,65.6,0.5155207426747896,73.4
56043,Wyoming,Washakie County,2022-02-27,435.62,15.4,12.4,9.2,10.5,7805,0.06041731547804422,2022-02-26,Wyoming,WY,Washakie County,49.2,52.6,0.24223962866260518,73.4
